kv_cache,input_len,output_len,repeats,ttft_ms,tpot_ms,tpot_first10_ms,tpot_last10_ms,e2e_s,out_tok_per_s,step_ms_per_1k_ctx,model_tokens_per_request,recompute_ratio,peak_mem_mib,vllm_ttft_ms,vllm_tpot_ms,tpot_vs_vllm
none,128,64,1,23.937,24.9049,37.0781,22.6214,1.5929,40.1772,-214.7759,10272.0,160.5,2965.5298,,,
none,128,128,1,21.8425,22.4061,22.0723,22.6328,2.8674,44.6396,2.99,24640.0,192.5,2969.5933,21.31,8.15,2.7492
none,512,64,1,37.9515,47.0299,46.5113,47.4975,3.0008,21.3274,21.0266,34848.0,544.5,2990.519,,,
none,512,128,1,37.7887,48.2415,46.2641,52.4118,6.1645,20.7642,42.9946,73792.0,576.5,2995.4404,45.69,8.15,5.9192
none,2048,64,1,133.016,141.2321,140.5524,141.6736,9.0306,7.087,20.2658,133152.0,2080.5,3087.4341,,,
none,2048,128,1,132.9284,142.0555,140.5685,143.3257,18.174,7.043,23.7998,270400.0,2112.5,3093.9863,135.61,8.19,17.345
contiguous,128,64,1,23.0204,27.5769,26.816,28.3437,1.7604,36.3561,26.2084,191.0,2.9844,18989.4688,,,
contiguous,128,128,1,22.9845,27.5007,27.8583,27.1597,3.5156,36.4094,-5.3104,255.0,1.9922,18989.4688,21.31,8.15,3.3743
contiguous,512,64,1,38.5114,28.4605,28.0145,28.213,1.8315,34.9437,-8.0085,575.0,8.9844,19011.418,,,
contiguous,512,128,1,38.1989,28.4939,27.9568,28.4592,3.6569,35.002,-0.0125,639.0,4.9922,19011.418,45.69,8.15,3.4962
contiguous,2048,64,1,134.3111,31.9592,31.4044,31.9927,2.1477,29.7987,9.6145,2111.0,32.9844,19102.4648,,,
contiguous,2048,128,1,134.1312,31.8975,31.8724,31.4603,4.1851,30.5846,-5.1505,2175.0,16.9922,19102.4648,135.61,8.19,3.8947
paged,128,64,1,23.409,27.9999,27.8585,28.0071,1.7874,35.8062,6.4218,191.0,2.9844,18986.2188,,,
paged,128,128,1,23.141,28.0479,27.7269,27.2921,3.5852,35.7021,7.6189,255.0,1.9922,18986.2188,21.31,8.15,3.4415
paged,512,64,1,38.6193,28.0709,27.8773,27.8636,1.8071,35.4162,0.6691,575.0,8.9844,19008.043,,,
paged,512,128,1,38.284,28.6674,29.0911,28.5054,3.679,34.7917,1.2655,639.0,4.9922,19008.043,45.69,8.15,3.5175
paged,2048,64,1,134.505,31.7822,31.6343,31.5096,2.1368,29.9516,-9.2481,2111.0,32.9844,19099.2148,,,
paged,2048,128,1,134.5088,31.2723,31.1743,31.155,4.1061,31.1732,1.6779,2175.0,16.9922,19099.2148,135.61,8.19,3.8184
