input_target,output_len,concurrency,prefix_qps,noprefix_qps,prefix_tok_s,noprefix_tok_s,prefix_ttft_p50_ms,noprefix_ttft_p50_ms,prefix_ttft_rest_p50_ms,noprefix_ttft_rest_p50_ms,prefix_tpot_p50_ms,noprefix_tpot_p50_ms,prefix_hit_pct,noprefix_hit_pct,prefix_kv_peak_pct,noprefix_kv_peak_pct
128,128,1,0.95,0.945,121.6,120.9,17.55,20.91,17.39,20.76,8.15,8.15,80.0,10.21,0.0,0.0
128,128,4,3.712,3.683,475.1,471.5,30.28,30.37,29.71,30.59,8.23,8.24,85.36,51.04,0.1,0.2
128,128,16,13.771,13.066,1762.7,1672.4,68.6,87.31,68.76,88.0,8.6,8.67,82.94,30.62,0.4,0.7
128,128,64,41.114,35.029,5262.6,4483.7,192.75,347.88,192.97,348.32,10.69,11.49,83.29,30.63,1.2,2.9
128,512,1,0.239,0.239,122.4,122.4,17.09,17.51,17.11,17.53,8.15,8.15,91.23,91.87,0.1,0.1
128,512,4,0.943,0.942,482.7,482.2,29.71,30.2,29.72,29.72,8.24,8.25,91.01,91.87,0.4,0.4
128,512,16,3.533,3.51,1809.1,1797.2,60.58,57.71,60.7,57.68,8.73,8.8,91.22,91.87,1.4,1.7
128,512,64,11.252,11.089,5761.0,5677.7,175.16,174.48,175.09,174.56,10.78,10.93,91.22,91.9,5.6,7.0
512,128,1,0.946,0.933,121.1,119.4,19.3,37.05,19.3,36.95,8.15,8.15,82.87,19.61,0.1,0.1
512,128,4,3.698,3.565,473.3,456.3,30.26,40.43,29.95,43.84,8.25,8.35,95.46,58.96,0.2,0.4
512,128,16,13.38,11.159,1712.7,1428.3,66.64,172.96,66.68,174.98,8.84,9.67,95.31,39.56,0.5,1.7
512,128,64,37.792,23.415,4837.4,2997.1,207.44,675.93,207.66,676.13,11.56,15.0,96.01,37.65,1.8,6.8
512,512,1,0.239,0.239,122.3,122.2,18.83,19.2,18.89,19.06,8.16,8.16,98.18,97.66,0.2,0.2
512,512,4,0.94,0.935,481.4,478.5,31.9,30.32,31.41,29.95,8.26,8.31,98.25,97.71,0.5,0.7
512,512,16,3.43,3.358,1756.1,1719.5,61.74,65.22,61.27,65.18,9.0,9.19,98.24,97.8,1.5,2.7
512,512,64,10.309,9.861,5278.4,5048.6,192.87,193.0,192.99,193.33,11.74,12.3,98.24,97.98,5.8,11.0
2048,128,1,0.93,0.863,119.0,110.5,25.56,123.47,25.54,123.69,8.19,8.19,88.75,8.29,0.4,0.4
2048,128,4,3.58,2.994,458.3,383.3,42.31,90.95,42.27,135.96,8.45,8.73,98.9,52.94,0.4,1.4
2048,128,16,11.899,6.232,1523.0,797.7,65.82,349.93,65.73,350.59,9.94,19.56,98.8,32.2,0.8,5.8
2048,128,64,27.223,8.288,3484.5,1060.8,211.67,556.97,211.37,562.12,16.52,65.35,98.97,38.04,1.9,23.0
2048,512,1,0.237,0.237,121.5,121.4,24.94,24.92,24.99,24.95,8.2,8.2,99.52,99.46,0.4,0.4
2048,512,4,0.916,0.89,469.1,455.7,40.5,40.64,40.48,40.34,8.46,8.71,99.53,99.51,0.7,1.7
2048,512,16,3.142,2.922,1608.9,1496.2,68.53,70.49,68.14,69.24,9.8,10.55,99.55,99.52,1.8,6.8
2048,512,64,7.7,4.05,3942.5,2073.5,168.86,788.56,168.91,788.85,15.89,31.79,99.55,25.42,6.0,26.9
